entidad	instancia_de	subclase_de
Barbra Streisand	ser humano	
Andy Warhol	ser humano	
Miley Cyrus	ser humano	
Tom DeLonge	ser humano	
Mark Hoppus	ser humano	
Jon Abrahams	ser humano	
Rodger Bumpass	ser humano	
Jimmy Bennett	ser humano	
Kim Carnes	ser humano	
Chris Rock	ser humano	
Adam Carolla	ser humano	
Jonathan Winters	ser humano	
Patrice O’Neal	ser humano	
Claire Holt	ser humano	
Ned Beatty	ser humano	
Julian McMahon	ser humano	
James Coburn	ser humano	
Corbin Bleu	ser humano	
Frank Lloyd Wright	ser humano	
Eminem	ser humano	
Marilyn Monroe	ser humano	
Mitt Romney	ser humano	
Daniel Craig	ser humano	
Marlene Dietrich	ser humano	
Vince Gilligan	ser humano	
Chloë Grace Moretz	ser humano	
Alison Lohman	ser humano	
Ernst Mayr	ser humano	
Mr. Lawrence	ser humano	
Emily Dickinson	ser humano	
Troian Bellisario	ser humano	
Jennette McCurdy	ser humano	
Clancy Brown	ser humano	
Zach Gilford	ser humano	
Anna Faris	ser humano	
Miranda Cosgrove	ser humano	
Jason Lee	ser humano	
Herman Melville	ser humano	
James Meredith	ser humano	
Jimmy Kimmel	ser humano	
Greta Garbo	ser humano	
Eugenio Calabi	ser humano	
Larry Page	ser humano	
Bill Gates	ser humano	
Joan Lorring	ser humano	
Corey Dillon	ser humano	
Gregory Merson	ser humano	
Ron Howard	ser humano	
Carmelita Jeter	ser humano	
Melissa Fahn	ser humano	
Brooklyn	Distritos de la ciudad de Nueva York	
cantautor	ocupación, profesión musical	cantante, compositor de canciones
Estados Unidos	país, república federal, superpotencia internacional, república constitucional, estado soberano, república democrática	
Erasmus Hall High School	escuela secundaria superior	
Yentl	película	
Pittsburgh	sede de condado, gran ciudad, municipio autónomo de Pensilvania, ciudad de Pensilvania	
artista gráfico	profesión	artista visual
Universidad Carnegie Mellon	universidad privada, universidad de investigación, institución educativa privada sin fines de lucro	
Díptico de Marilyn	pintura	
Nashville	sede de condado, ciudad de Estados Unidos, gran ciudad, ciudadcondado	
actor de televisión	profesión	actor
Hannah Montana	serie de televisión	
Poway	ciudad de Estados Unidos	
actor	profesión, ocupación, grupo de ocupaciones de la CIUO	artista escénico, creative and performing artist
Angels & Airwaves	grupo musical	
Ridgecrest	página de desambiguación de Wikimedia	
cantante	grupo de ocupaciones de la CIUO, ocupación en la música	músico, creative and performing artist
Universidad Estatal de California en San Marcos	universidad, institución educativa pública de los Estados Unidos	
Blink182	álbum	
Nueva York	página de desambiguación de Wikimedia	
Little Rock	sede de condado, ciudad de Estados Unidos, gran ciudad, capital de estado o región insular de Estados Unidos	
Universidad Estatal de Arkansas	universidad, institución educativa pública de los Estados Unidos, editorial académica	
Bob Esponja	serie de televisión de animación	
Seal Beach	ciudad de Estados Unidos, ciudad chárter	
músico	ocupación, profesión musical	artista
Los Ángeles	asentamiento	
Andrews	página de desambiguación de Wikimedia	
guionista	propiedad de Wikidata para elementos sobre películas, Wikidata property to identify contributors to audiovisual works	
Escuela Secundaria James Madison	escuela secundaria superior	
Madagascar	país, país insular, Estado unitario, estado soberano	
Escuela Preparatoria de North Hollywood	escuela secundaria superior, escuela pública	
Dayton	sede de condado, ciudad de Estados Unidos, gran ciudad, ciudad de Ohio	
escritor	profesión, ocupación	autor, artista, penman
Kenyon College	college, campus, institución educativa privada sin fines de lucro	
Los Pitufos	franquicia de medios	
Universidad Northeastern	universidad, institución educativa privada sin fines de lucro	
Brisbane	ciudad, gran ciudad, capital de estado	
Louisville	sede de condado, ciudad de Estados Unidos, gran ciudad, ciudadcondado	
Universidad Transylvania	universidad privada, institución educativa privada sin fines de lucro	
Sídney	ciudad, metrópoli, ciudad global, centro financiero, gran ciudad, capital de estado, ciudad más grande	
Universidad de Sídney	universidad pública de investigación	
Laurel	municipio de Filipinas	
Universidad del Sur de California	universidad privada, universidad de investigación, institución educativa privada sin fines de lucro, editor de acceso abierto	
Anexo:Oscar al mejor actor de reparto	Premios Óscar, premio al mejor actor de reparto	
productor de cine	profesión del cine	film people, productor
Escuela Secundaria Fiorello H. LaGuardia	escuela secundaria superior	
High School Musical Cast	grupo musical, elenco	
Richland Center	sede de condado, fourthclass city	
Universidad de WisconsinMadison	Universidad de concesión de tierras, institución educativa pública de los Estados Unidos, universidad pública de investigación	
The New School	universidad privada, institución educativa, universidad de investigación, institución educativa privada sin fines de lucro, editor de acceso abierto	
St. Joseph	iglesia	
Oak Park High School	página de desambiguación de Wikimedia	
D12	página de desambiguación de Wikimedia	
Universidad de California en Los Ángeles	universidad, organización, campus, institución educativa pública de los Estados Unidos, universidad pública de investigación	
Some Like It Hot	película	
Harper University Hospital	hospital	
escritor de no ficción	profesión	escritor
Bain & Company	management consulting company	
Chester	ciudad, ciudad condado, zona no parquizada	
Guildhall School of Music and Drama	universidad, institución educativa universitaria, escuela de música, escuela de arte dramático, academia de música, organización educativa	
Premio Empire al mejor actor	Premios Empire, categoría de un premio de cine, premio al mejor actor protagonista	
Academia de Arte Dramático Ernst Busch	academia de bellas artes, universidad pública, escuela de arte dramático	
Office of Strategic Services	servicio de inteligencia, unidad militar	
Richmond	ciudad de Estados Unidos, ciudad independiente de los Estados Unidos, gran ciudad, capital de estado o región insular de Estados Unidos	
realizador de televisión	profesión	realizador
Breaking Bad	serie de televisión	
Atlanta	sede de condado, ciudad de Estados Unidos, gran ciudad, municipio de Georgia (USA)	
Laurel Springs School	escuela	
37.º Premios Saturn	ceremonia de los Premios Saturn, film award ceremony edition	
Palm Springs	página de desambiguación de Wikimedia	
Real Academia de Arte Dramático	escuela de arte dramático	
Kempten	centro regional mayor, municipio urbano de Alemania, urban district of Bavaria	
recolector de plantas	ocupación	recolector científico
Universidad de Greifswald	universidad pública, comprehensive university	
Universidad Harvard	universidad privada, Colegios coloniales, universidad de investigación, institución educativa privada sin fines de lucro	
Municipio de East Brunswick	municipio de Nueva Jersey	
animador	propiedad de Wikidata relacionada con la animación	
Amherst	ciudad universitaria, pueblo de Nueva Inglaterra	
Mount Holyoke College	universidad de mujeres, Universidad de Artes Liberales en los Estados Unidos, institución educativa privada sin fines de lucro	
Salón Nacional de la Fama de Mujeres	organización, salón de la fama, organización 501(c)(3)	
Pretty Little Liars	serie de televisión	
Urbana	comuna de Italia	
Universidad del Noroeste	escuela, universidad, instituto de investigación, institución educativa privada sin fines de lucro	
Evanston	ciudad de Estados Unidos	
Universidad de Washington	universidad pública	
Yogi Bear	película, película de animación	
cantante de pop	ocupación, profesión musical	cantante, músico pop
School of Rock	álbum	
Orange	comuna francesa	
emprendedor	profesión, estatus legal	personalidad jurídica, economic entity
Anexo:Independent Spirit Award al mejor actor de reparto	premios Independent Spirit, premio al mejor actor de reparto	
Manhattan	Distritos de la ciudad de Nueva York, ciudadcondado	
Moby Dick	película	
Kosciusko	ciudad de Estados Unidos	
abogado	profesión jurídica	jurista
Universidad de Misisipi	universidad pública, universidad de investigación, institución educativa pública de los Estados Unidos	
Italia	país, estado soberano	
Escuela de Arte Dramático	escuela de arte dramático	
Óscar honorífico	Premios Óscar, premio honorífico	
Milán	ciudad, metrópoli, comuna de Italia, cheflieu, gran ciudad, Ciudadestado italiana	
profesor universitario	profesión académica	profesor, académico
Universidad de Illinois en UrbanaChampaign	universidad, Universidad de concesión de tierras, institución educativa pública de los Estados Unidos, universidad pública de investigación	
Universidad de Pensilvania	universidad privada, Colegios coloniales, universidad de investigación, institución educativa privada sin fines de lucro	
East Lansing	ciudad de Estados Unidos	
Seattle	sede de condado, ciudad de Estados Unidos, gran ciudad	
inversor		convertidor de potencia
Harvard College	college	
Fundación Bill y Melinda Gates	instituto de investigación, organización sin fines de lucro, private foundation, charitable fund	
Hong Kong británico	colonia de la Corona británica, Territorio británico dependiente, entidad administrativa desaparecida	
jugador de fútbol americano	profesión	jugador de fútbol gridiron
Washington D. C.	capital federal	
jugador de póquer	profesión	jugador competitivo
colegio universitario	tipo de institución educativa	institución educativa universitaria, college
Chicago	ciudad global, gran ciudad, ciudad de Illinois	
baloncestista	profesión	deportista, jugador competitivo
Universidad Marquette	universidad, institución educativa privada sin fines de lucro	
velocista	profesión, disciplina deportiva	corredor
Universidad Estatal de California	universidad, sistema de universidad estatal	
Universidad Estatal de California, Long Beach	universidad pública, institución educativa pública de los Estados Unidos	
Jon Huntsman	página de desambiguación de nombres humanos	
Shafrira Goldwasser	ser humano	
George Pataki	ser humano	
Lydia Kavraki	ser humano	
Harry S. Truman	ser humano	
Mary Jane Irwin	ser humano	
Nikki Haley	ser humano	
Carroll A. Campbell, Jr.	ser humano	
Andrew Cuomo	ser humano	
David Paterson	ser humano	
Eliot Spitzer	ser humano	
Mark Sanford	ser humano	
Jim Hodges	ser humano	
David Beasley	ser humano	
Susan L. Graham	ser humano	
Judy Garland	ser humano	
Lindsay Davenport	ser humano	
Jennifer Capriati	ser humano	
Leah Jamieson	ser humano	
John Boehner	ser humano	
Jeanne Ferrante	ser humano	
Phyllis Fox	ser humano	
John Adair	ser humano	
Katherine Johnson	ser humano	
Lynne Jolitz	ser humano	
Anna Karlin	ser humano	
Grace Murray Hopper	ser humano	
Dorothy E. Denning	ser humano	
Susan T. Dumais	ser humano	
Venus Williams	ser humano	
Cynthia Dwork	ser humano	
Charlotte Froese Fischer	ser humano	
Molly E. Holzschlag	ser humano	
Thelma Estrin	ser humano	
Margaret Hamilton	ser humano	
Lois Haibt	ser humano	
Ashawna Hailey	ser humano	
Black Francis	ser humano	
Ayanna Howard	ser humano	
Cathy Hudgins	ser humano	
Diane Greene	ser humano	
Annie Easley	ser humano	
Nancy Davis Griffeth	ser humano	
Rebecca Grinter	ser humano	
Susan Gerhart	ser humano	
Stan Coveleski	ser humano	
Adele Goldberg	ser humano	
Aaliyah	ser humano	
Betty Snyder Holberton	ser humano	
Sheila Greibach	ser humano	
Palo Alto	ciudad, ciudad de Estados Unidos, ciudad chárter	
diplomático	profesión, título corporativo	estadista, alto cargo
Universidad de Utah	institución educativa pública de los Estados Unidos, universidad pública de investigación	
gobernador de Utah	cargo, cargo elegido	jefe de Estado, gobernador de estado de los Estados Unidos, jefe del Gobierno
ingeniero	profesión, cargo	trabajador
Universidad de California en Berkeley	Universidad de concesión de tierras, biblioteca de depósito de las Naciones Unidas, institución educativa pública de los Estados Unidos, universidad pública de investigación	
Instituto Weizmann de Ciencias	campus, universidad pública, instituto	
Peekskill	ciudad, ciudad del estado de Nueva York	
Escuela de Leyes Columbia	facultad de derecho	
gobernador de Nueva York	cargo, cargo elegido, oficina del gobernador	gobernador de estado de los Estados Unidos, jefe del Gobierno
Creta	isla, Regiones de Grecia	
informático teórico	profesión	científico, analista de sistemas, technology specialist
Grecia	país, estado soberano	
Universidad Rice	universidad privada, universidad de investigación, institución educativa privada sin fines de lucro	
Lamar	ciudad de Estados Unidos	
diarista	ocupación	memorialista
francmasonería	grupo social, hermandad	
Universidad de Illinois	escuela, sistema de universidad estatal	
Association for Computing Machinery	organización, asociación científica, colegio profesional, editorial, editor de acceso abierto	
Bamberg	Kreisstadt, centro regional mayor, espacio urbano, ciudad universitaria, municipio urbano de Alemania, urban district of Bavaria	
empresario	ocupación	
Universidad Clemson	Universidad de concesión de tierras, universidad pública, universidad de investigación, institución educativa pública de los Estados Unidos	
Embajador de los Estados Unidos ante las Naciones Unidas	cargo	representante permanente en la ONU, embajador de los Estados Unidos
Greenville	sede de condado, ciudad de Estados Unidos	
político	profesión, frecuentemente	profesional
gobernador de Carolina del Sur	cargo, cargo elegido	gobernador de estado de los Estados Unidos, jefe del Gobierno
Universidad de Fordham	universidad privada, institución educativa privada sin fines de lucro	
Departamento de Vivienda y Desarrollo Urbano de los Estados Unidos	Departamentos Ejecutivos Federales de los Estados Unidos, ministerio de Vivienda	
Universidad de Columbia	universidad privada, Colegios coloniales, universidad de investigación, institución educativa privada sin fines de lucro	
Universidad de Princeton	universidad privada, Colegios coloniales, universidad de investigación, institución educativa privada sin fines de lucro, editorial académica	
Fort Lauderdale	ciudad de Estados Unidos	
Universidad de Virginia	institución educativa pública de los Estados Unidos, universidad pública de investigación	
Goldman Sachs	bolsa de valores, banco, banco de inversión, establecimiento crediticio, empresa de capital abierto, negocio	
Lancaster	borough en el Reino Unido, distrito no metropolitano, distrito con estatus de ciudad	
Universidad de Carolina del Sur	universidad pública, universidad de investigación, institución educativa pública de los Estados Unidos	
Darlington	villa, zona no parquizada	
Programa Mundial de Alimentos	organización intergubernamental, organización de las Naciones Unidas	
Cleveland	sede de condado, ciudad de Estados Unidos, gran ciudad, ciudad de Ohio	
Grand Rapids	sede de condado, ciudad de Estados Unidos, gran ciudad	
actor de cine	profesión del cine	actor, film people
premio Grammy a la mejor interpretación vocal pop femenina	Premios Grammy, categoría de un premio	premio a la mejor interpretación
Palos Verdes	página de desambiguación de Wikimedia	
tenista	profesión	deportista, jugador competitivo
Salón Internacional de la Fama del tenis	organización sin fines de lucro, pista de tenis, Salón de la Fama del Deporte	
Trenton	sede de condado, ciudad de Nueva Jersey	
Universidad Purdue	Universidad de concesión de tierras, institución educativa pública de los Estados Unidos, universidad pública de investigación	
Reading	villa, ciudad condado	
Universidad Xavier	universidad privada, institución educativa privada sin fines de lucro, universidad jesuita	
presidente de la Cámara de Representantes de los Estados Unidos	cargo, cargo elegido	presidente del parlamento, miembro de la Cámara de Representantes de los Estados Unidos
Universidad Hofstra	universidad privada, institución educativa privada sin fines de lucro	
Universidad de California en San Diego	universidad pública, institución educativa pública de los Estados Unidos	
Colorado	Estado de los Estados Unidos	
Instituto Tecnológico de Massachusetts	universidad, universidad técnica, instituto tecnológico, space grant institution, institución educativa privada sin fines de lucro, editorial académica	
condado de Chester	condado de Carolina del Sur	
militar	profesión, ocupación	empleado, guerrero
gobernador de Kentucky	cargo, cargo elegido	jefe de Estado, gobernador de estado de los Estados Unidos, jefe del Gobierno
White Sulphur Springs	sede de condado, ciudad de Estados Unidos	
ingeniero de aviación	ocupación	ingeniero, miembro de tripulación, oficial de la fuerza aérea
Universidad de Virginia Occidental	Universidad de concesión de tierras, institución educativa pública de los Estados Unidos, editor de acceso abierto, universidad pública de investigación	
Administración Nacional de Aeronáutica y del Espacio	agencias independientes del gobierno de Estados Unidos, agencia espacial	
oficial naval	profesión, profesión militar, ocupación marítima	oficial militar, personal de la Armada
Vassar College	Universidad de Artes Liberales en los Estados Unidos, institución educativa privada sin fines de lucro	
Maine	Estado de los Estados Unidos	
Universidad de Indiana	escuela, sistema de universidad estatal, institución educativa	
Lynwood	página de desambiguación de Wikimedia	
Canadá	parada de autobús	
Universidad de Cambridge	universidad colegiada, organización educativa, universidad pública de investigación	
Universidad de Arizona	Universidad de concesión de tierras, universidad pública, institución educativa pública de los Estados Unidos, editor de acceso abierto	
City College of New York	institución educativa universitaria, institución educativa pública de los Estados Unidos	
National Science Foundation	instituto de investigación, agencias independientes del gobierno de Estados Unidos, funding body	
Paoli	página de desambiguación de Wikimedia	
matemático	profesión, ocupación, grupo de ocupaciones de la CIUO	científico, mathematicians, actuaries and statisticians
Lubbock	ciudad de Estados Unidos, gran ciudad	
Universidad Tecnológica de Texas	institución educativa pública de los Estados Unidos, universidad pública de investigación	
Boston	ciudad de Estados Unidos, gran ciudad	
Universidad de Massachusetts Amherst	universidad, Universidad de concesión de tierras, institución educativa pública de los Estados Unidos	
Pixies	grupo musical	
Universidad de Posgrado de Claremont	universidad privada, institución educativa privada sin fines de lucro	
Academia Estadounidense de las Artes y las Ciencias	organización sin fines de lucro, sociedad erudita, editorial académica	
Pine Bluff	ciudad de Estados Unidos	
Universidad de Arkansas	Universidad de concesión de tierras, institución educativa pública de los Estados Unidos, universidad pública de investigación	
Rochester	ciudad, sede de condado, ciudad de Estados Unidos, gran ciudad, ciudad del estado de Nueva York	
Birmingham	ciudad, metrópoli, ciudad universitaria, zona no parquizada, city of United Kingdom	
Universidad Xavier de Luisiana	universidad, HBCU, institución educativa privada sin fines de lucro	
Oak Park	página de desambiguación de Wikimedia	
Universidad Estatal de Míchigan	universidad, Universidad de concesión de tierras, institución educativa pública de los Estados Unidos, universidad pública de investigación	
Norwich	ciudad, ciudad condado, gran ciudad	
Universidad de Leeds	organización educativa, universidad pública de investigación	
Instituto de Tecnología de Georgia	universidad técnica, institución educativa pública de los Estados Unidos, universidad pública de investigación	
Universidad Wesleyana de Ohio	universidad de artes liberales, Colleges That Change Lives, institución educativa privada sin fines de lucro	
Shamokin	ciudad de Pensilvania	
beisbolista	profesión	deportista, jugador competitivo
bailarín de ballet	profesión	bailarín
Filadelfia	sede de condado, ciudadcondado, municipio autónomo de Pensilvania, ciudad de Pensilvania	
Instituto Nacional de Estándares y Tecnología	instituto de investigación, organización de estándares	
Donna Auguste	ser humano	
Henriette Avram	ser humano	
Mick Foley	ser humano	
Dwayne Johnson	ser humano	
Karen Bardsley	ser humano	
Texas	Estado de los Estados Unidos	
US West	negocio	
Universidad George Washington	universidad privada, universidad de investigación, institución educativa privada sin fines de lucro, editor de acceso abierto	
Agencia de Seguridad Nacional	servicio de inteligencia	
Bloomington	página de desambiguación de Wikimedia	
WWE Hall of Fame	programa de televisión, salón de la fama	
Hayward	sede de condado, fourthclass city	
Universidad de Miami	universidad, institución educativa privada sin fines de lucro	
Fast Five	película	
Santa Mónica	asentamiento	
futbolista	profesión, ocupación	jugador competitivo, person associated with football, Jugador de fútbol
Universidad Estatal de California en Fullerton	universidad, institución educativa pública de los Estados Unidos	
Joanna S. Fowler	ser humano	
Helen Murray Free	ser humano	
Mildred Cohn	ser humano	
Catherine Coleman	ser humano	
Mary Peters Fieser	ser humano	
Miami	ciudad de Estados Unidos	
Universidad de Anglia del Este	universidad, institución educativa universitaria, organización, organización educativa	
Brookhaven National Laboratory	instituto de investigación, United States national laboratory	
inventor	profesión, ocupación	ingeniero, creador
Universidad de Míchigan Central	institución educativa pública de los Estados Unidos, universidad pública de investigación	
Bayer	empresa de capital abierto, negocio, empresa, empresa farmacéutica	
El Bronx	serie de televisión	
Charleston	sede de condado, ciudad de Estados Unidos, capital de estado o región insular de Estados Unidos	
científico	profesión, cargo	investigador, erudito
Atchison	sede de condado, ciudad de Estados Unidos	
químico	profesión, término químico, grupo de ocupaciones de la CIUO	profesionales de las ciencias físicas y de la tierra, científico físico
Stephanie Kwolek	ser humano	
Jonny Lee Miller	ser humano	
Carmen Hermosillo	ser humano	
Joyce Jacobson Kaufman	ser humano	
Ann Kiessling	ser humano	
New Kensington	ciudad de Pensilvania	
Polonia	país, estado soberano	
DuPont Corporation	empresa de capital abierto, negocio	
KingstonuponThames	villa, barrio de Londres, ciudad de mercado	
Premio Laurence Olivier	grupo de premios	
California	Estado de los Estados Unidos	
Universidad Estatal de San José	universidad, institución educativa pública de los Estados Unidos	
físico	profesión	científico físico
Universidad Johns Hopkins	universidad, instituto de investigación, institución educativa privada sin fines de lucro, editor de acceso abierto	
Baker City	sede de condado, ciudad de Oregón	
William Henry Harrison	ser humano	
Ivory Joe Hunter	ser humano	
John Tyler	ser humano	
Axl Rose	ser humano	
James K. Polk	ser humano	
condado de Charles City	condado de Virginia	
presidente de los Estados Unidos	presidente, jefe de Estado, comandante en jefe, jefe del Gobierno, cargo elegido	
condado de Jasper	condado de Texas	
pianista	cargo, ocupación, profesión musical	tecladista
The College of William and Mary	institución educativa pública de los Estados Unidos, universidad pública de investigación	
Lafayette	ciudad de Estados Unidos, gran ciudad, ciudadcondado	
Guns N' Roses	grupo musical	
Pineville	ciudad de Estados Unidos	
Universidad de Carolina del Norte en Chapel Hill	institución educativa pública de los Estados Unidos, universidad pública de investigación	
David Rockefeller	ser humano	
Nelson Rockefeller	ser humano	
Farciot Edouart	ser humano	
Edmund H. Hansen	ser humano	
John Gaeta	ser humano	
Ejército de los Estados Unidos	ejército de tierra	
Bar Harbor	pueblo de Nueva Inglaterra	
Dartmouth College	universidad privada, Colegios coloniales, universidad de investigación, institución educativa privada sin fines de lucro, editor de acceso abierto	
Vicepresidente de los Estados Unidos		
responsable de efectos especiales	profesión	artista, cinematic technician
Óscar científico o técnico	Premios Óscar, categoría de un premio	
Springfield	casa	
Óscar al mejor sonido	Premios Óscar, award for best sound mixing	
artista	ocupación, profesión artística	creador
Universidad de Nueva York	escuela, lugar de trabajo, universidad privada, universidad de investigación, institución educativa privada sin fines de lucro	
Óscar a los mejores efectos visuales	Premios Óscar, premio a los mejores efectos visuales	
"Weird Al" Yankovic	ser humano	
Fred Sersen	ser humano	
John Frazier	ser humano	
Craig Barron	ser humano	
Kurt Cobain	ser humano	
Jonathan Glassner	ser humano	
Richard Edlund	ser humano	
Andrew Johnson	ser humano	
Gordon Jennings	ser humano	
Douglas Shearer	ser humano	
L. B. Abbott	ser humano	
Juan Trippe	ser humano	
Walt Disney	ser humano	
Dean Higuchi	ser humano	
Stefen Fangmeier	ser humano	
Nicholas Meyer	ser humano	
Scott Farrar	ser humano	
Robert Legato	ser humano	
Albert Arnold Gillespie	ser humano	
Eric Barba	ser humano	
Downey	página de desambiguación de Wikimedia	
Universidad Politécnica Estatal de California	universidad pública, institución educativa pública de los Estados Unidos	
Sindicato de Guionistas del Oeste de los Estados Unidos	sindicato de trabajadores	
Veselí nad Moravou	editorial, municipio de la República Checa, municipio con poder ampliado, municipio con oficina municipal autorizada, municipio con privilegios de ciudad	
fotógrafo	ocupación, agente	artista visual
Óscar a los mejores efectos especiales	Premios Óscar, premio a los mejores efectos especiales	
Óscar a la técnica	Premios Óscar, categoría de un premio	Óscar científico o técnico
Berkeley	página de desambiguación de Wikimedia	
supervisor de efectos visuales	profesión	jefe, profesional de medios
Aberdeen	barrio	
compositor	ocupación, profesión musical	autor, músico
Escuela Secundaria de Aberdeen	escuela secundaria superior	
Nevermind	álbum	
Roanoke	ciudad fantasma, colonia	
productor de televisión	profesión, cargo	profesional de medios, productor
Fargo	ciudad de Estados Unidos, gran ciudad	
supervisor de efectos especiales	profesión	profesional de medios
Escuela de Artes Cinematográficas de la Universidad del Sur de California	organización, facultad universitaria, escuela de cine	
Raleigh	sede de condado, ciudad de Estados Unidos, gran ciudad, city in North Carolina	
estadista	ocupación	político, funcionario
Salt Lake City	sede de condado, ciudad de Estados Unidos	
director de fotografía	propiedad de Wikidata para elementos sobre películas, propiedad de Wikidata relacionada con la fotografía	
Westmount	enclave, ciudad o pueblo, territory outside RCM in Quebec	
Pasadena	ciudad de Estados Unidos, gran ciudad	
Sea Bright	municipio de Nueva Jersey	
Universidad Yale	universidad privada, Colegios coloniales, empresa productora, universidad de investigación, institución educativa privada sin fines de lucro, editorial académica	
Salón de la Fama de la Aviación Nacional	distinción, salón de la fama, museo de aviación, organización 501(c)(3)	
Instituto de Arte de Kansas City	academia de bellas artes, institución educativa privada sin fines de lucro	
Mickey Mouse	mascota, personaje de cómic, personaje de videojuego, personaje animado, personaje de televisión, personaje cinematográfico, Disney core universe character, ratón antropomorfo	
Honolulu	sede de condado, gran ciudad, ciudadcondado	
luchador	ocupación	luchador
El Paso	sede de condado, ciudad fronteriza, ciudad de Estados Unidos, gran ciudad	
director de cine	profesión, profesión del cine	artista visual, profesional del cine, realizador, miembro del equipo de filmación
Anexo:Premio a los mejores efectos especiales del Festival de Cine de Sitges	categoría de un premio, premio a los mejores efectos especiales	
Universidad de Iowa	universidad, institución educativa pública de los Estados Unidos, universidad pública de investigación	
Condado de Monmouth	condado de Nueva Jersey	
Alberto II de Mónaco	ser humano	
Q3772		
Kevin Rudolf	ser humano	
Grace Kelly	ser humano	
Geoffrey Arend	ser humano	
William Terry	ser humano	
James K. Gibson	ser humano	
Elisha E. Meredith	ser humano	
Henry P. Alexander	ser humano	
Todd Russell Platts	ser humano	
John Gregg	ser humano	
Rufus R. Jones	ser humano	
Amelia Earhart	ser humano	
Paul Simon	ser humano	
Q4030		
Jacqueline Cochran	ser humano	
Rosearik Rikki Simons	ser humano	
Jeffrey Garcia	ser humano	
Phil Hill	ser humano	
Jack Angel	ser humano	
Palacio del príncipe de Mónaco	palacio	
piloto de bobsleigh	profesión	deportista de invierno
Amherst College	universidad de artes liberales, institución educativa privada sin fines de lucro	
Comité Olímpico Internacional	organización no gubernamental, organización sin fines de lucro, federación deportiva internacional	
Knoxville	ciudad de Estados Unidos	
Narbonne High School	escuela secundaria superior, escuela pública	
Reservoir Dogs	película	
productor discográfico	profesión musical	músico, productor
actor de teatro	oficio del teatro	actor, theatre maker
Academia Estadounidense de Arte Dramático	organización, academia, escuela de arte dramático, institución educativa privada sin fines de lucro	
Consorte de Mónaco	cargo	consorte
condado de Amherst	condado de Virginia	
miembro de la Cámara de Representantes de los Estados Unidos	cargo	legislador, cargo elegido
Abingdon	sede de condado, town of Virginia	
Condado de Sumter	página de desambiguación de Wikimedia	
Little Falls	página de desambiguación de Wikimedia	
York	ciudad, ciudad condado, gran ciudad, zona no parquizada	
juez	propiedad de Wikidata relacionada con el derecho y la justicia	
condado de Lawrence	condado de Arkansas	
Universidad del Norte de Alabama	universidad pública, institución educativa pública de los Estados Unidos	
Dillon	página de desambiguación de Wikimedia	
periodista	profesión, cargo, ocupación, grupo de ocupaciones de la CIUO	autor, profesional de medios, ocupación mediática, authors, journalists and linguists
Newark	gran ciudad, ciudad de Nueva Jersey, ciudad más grande	
Colegio de Queens	universidad, institución educativa pública de los Estados Unidos	
Black, Brown and Beige	obra de composición musical	
Pensacola	página de desambiguación de Wikimedia	
piloto de aviación	profesión	miembro de tripulación, operador de vehículo
Air Transport Auxiliary	organización	
legionario de la Legión del Mérito	grado de una orden	caballero
Fontana	página de desambiguación de Wikimedia	
historietista	profesión	guionista, ilustrador, dibujante, historietista
Invasor Zim	serie de televisión de animación	
La Puente	ciudad de Estados Unidos	
piloto de automovilismo	profesión, ocupación	piloto de carreras
Modesto	sede de condado, gran ciudad, ciudad de California, ciudad chárter	
discjockey	ocupación, profesión musical	músico
Universidad Estatal de San Francisco	universidad, institución educativa pública de los Estados Unidos	
Tina Fey	ser humano	
John McCain	ser humano	
Jacob Appelbaum	ser humano	
Julia Mancuso	ser humano	
Picabo Street	ser humano	
Lisa Raymond	ser humano	
Pharrell Williams	ser humano	
Phoebe Cates	ser humano	
Liza Minnelli	ser humano	
Hanna Hall	ser humano	
Fred Armisen	ser humano	
Bill Hader	ser humano	
Seth Meyers	ser humano	
Sharon Van Etten	ser humano	
Jason Sudeikis	ser humano	
Stella Atkins	ser humano	
Maureen C. Stone	ser humano	
Chris Evert	ser humano	
Municipio de Upper Darby	municipio autónomo de Pensilvania, municipio de Pensilvania	
The Second City	grupo de teatro	
Coco Solo	base de submarinos	
Colegio Nacional de Guerra	escuela de guerra, escuela militar	
Universidad Técnica de Eindhoven	universidad, organización	
Reno	sede de condado, ciudad de Estados Unidos, gran ciudad	
esquiador alpino	profesión	esquiador
Norristown	sede de condado, municipio de Pensilvania, municipio autónomo de Pensilvania	
Universidad de la Florida	Universidad de concesión de tierras, universidad pública, institución educativa pública de los Estados Unidos, editor de acceso abierto, universidad pública de investigación	
Salón de la Fama del Tenis Universitario Femenino	Salón de la Fama del Deporte	
Virginia Beach	ciudad independiente de los Estados Unidos, gran ciudad	
diseñador de moda	profesión, ocupación	diseñador, profesional de la moda
Louis Vuitton	casa de moda	
Escuela Juilliard	conservatorio de música, escuela de arte dramático, institución educativa privada sin fines de lucro	
Óscar a la mejor actriz	Premios Óscar, premio a la mejor actriz protagonista	
Denver	ciudad de Estados Unidos, gran ciudad, ciudadcondado	
Hattiesburg	sede de condado, ciudad de Estados Unidos	
Escuela de Artes Visuales	universidad, academia de bellas artes, private forprofit educational institution	
Tulsa	sede de condado, ciudad de Estados Unidos, gran ciudad	
Barry	página de desambiguación de Wikimedia	
Belleville	ciudad, municipalidad separada de Ontario, municipalidad de nivel único	
Fairfax	página de desambiguación de Wikimedia	
Instituto de Tecnología de California	universidad, institución educativa privada sin fines de lucro	
Universidad Simon Fraser	institución educativa, universidad pública de investigación, university in British Columbia	
Baltimore	ciudad independiente de los Estados Unidos	
Boston Consulting Group	management consulting company	
pintor	profesión, Q778000	trabajador de la construcción, menestral
New York University Tisch School of the Arts	organización, facultad universitaria, escuela de cine, escuela de artes escénicas	
Will Claye	ser humano	
Christian Taylor	ser humano	
Reese Hoffa	ser humano	
Ella Fitzgerald	ser humano	
Charles Lindbergh	ser humano	
Madonna	ser humano	
Neil Armstrong	ser humano	
Stanley Kubrick	ser humano	
David Lynch	ser humano	
Mary Jane Rathbun	página de desambiguación de nombres humanos	
Louis Armstrong	ser humano	
Justin Gatlin	ser humano	
Leonel Manzano	ser humano	
Aries Merritt	ser humano	
Jason Richardson	ser humano	
Félix Sánchez	ser humano	
Javier Culson	ser humano	
Ashton Eaton	ser humano	
Trey Hardee	ser humano	
Erik Kynard	ser humano	
Phoenix	sede de condado, ciudad de Estados Unidos, gran ciudad	
saltador de triple salto	profesión	atleta
Fayetteville	sede de condado, ciudad de Estados Unidos	
Evans	página de desambiguación de Wikimedia	
atleta	ocupación	deportista
Universidad de Georgia	universidad	
Newport News	ciudad independiente de los Estados Unidos, gran ciudad	
Medalla Presidencial de la Libertad	condecoración civil	medalla
Detroit	sede de condado, ciudad fronteriza, ciudad de Estados Unidos, gran ciudad	
piloto de caza	profesión militar	piloto militar
America First Committee	grupo de interés, organización política	
Bay City	página de desambiguación de Wikimedia	
compositor de canciones	profesión musical	compositor, autor
Dunkin'	negocio, cadena de restaurantes de comida rápida	
Wapakoneta	sede de condado, ciudad de Estados Unidos	
astronauta	ocupación	científico, miembro de tripulación, viajero
Reino Unido	país, país insular, estado soberano, poder colonial	
Missoula	sede de condado, ciudad de Estados Unidos	
editor de cine	propiedad de Wikidata para elementos sobre películas	
Mulholland Drive	película	
activista en respuesta al sida	ocupación	activista por los derechos civiles, activista por los derechos humanos, activista de la salud
